{
  "name": "week-23",
  "projectId": "3f5c15f3-8917-4778-92ca-25a47ffb959d",
  "description": "Blank Process",
  "main": "Main.xaml",
  "dependencies": {
    "UiPath.Excel.Activities": "[2.23.4]",
    "UiPath.Mail.Activities": "[1.23.1]",
    "UiPath.System.Activities": "[24.10.3]",
    "UiPath.Testing.Activities": "[24.10.0]",
    "UiPath.UIAutomation.Activities": "[24.10.0]"
  },
  "webServices": [],
  "entitiesStores": [],
  "schemaVersion": "4.0",
  "studioVersion": "24.10.1.0",
  "projectVersion": "1.0.0",
  "runtimeOptions": {
    "autoDispose": false,
    "netFrameworkLazyLoading": false,
    "isPausable": true,
    "isAttended": false,
    "requiresUserInteraction": true,
    "supportsPersistence": false,
    "workflowSerialization": "DataContract",
    "excludedLoggedData": [
      "Private:*",
      "*password*"
    ],
    "executionType": "Workflow",
    "readyForPiP": false,
    "startsInPiP": false,
    "mustRestoreAllDependencies": true,
    "pipType": "ChildSession"
  },
  "designOptions": {
    "projectProfile": "Developement",
    "outputType": "Process",
    "libraryOptions": {
      "includeOriginalXaml": false,
      "privateWorkflows": []
    },
    "processOptions": {
      "ignoredFiles": []
    },
    "fileInfoCollection": [],
    "saveToCloud": false
  },
  "expressionLanguage": "VisualBasic",
  "entryPoints": [
    {
      "filePath": "Main.xaml",
      "uniqueId": "484bf8ec-2a76-460f-86f2-59b3c62c8c5a",
      "input": [],
      "output": []
    }
  ],
  "isTemplate": false,
  "templateProjectData": {},
  "publishData": {},
  "targetFramework": "Windows"
}