{
  "name": "Switch Activity",
  "projectId": "f2e47288-5f80-4645-b06e-f208fadb2df2",
  "description": "a workflow that asks for a number between 1 and 7 from the user and informs whether it is a weekday or a weekend.",
  "main": "Main.xaml",
  "dependencies": {
    "UiPath.Excel.Activities": "[2.23.4]",
    "UiPath.Mail.Activities": "[1.23.1]",
    "UiPath.System.Activities": "[24.10.3]",
    "UiPath.Testing.Activities": "[24.10.0]",
    "UiPath.UIAutomation.Activities": "[24.10.0]"
  },
  "webServices": [],
  "entitiesStores": [],
  "schemaVersion": "4.0",
  "studioVersion": "24.10.1.0",
  "projectVersion": "1.0.0",
  "runtimeOptions": {
    "autoDispose": false,
    "netFrameworkLazyLoading": false,
    "isPausable": true,
    "isAttended": false,
    "requiresUserInteraction": true,
    "supportsPersistence": false,
    "workflowSerialization": "DataContract",
    "excludedLoggedData": [
      "Private:*",
      "*password*"
    ],
    "executionType": "Workflow",
    "readyForPiP": false,
    "startsInPiP": false,
    "mustRestoreAllDependencies": true,
    "pipType": "ChildSession"
  },
  "designOptions": {
    "projectProfile": "Developement",
    "outputType": "Process",
    "libraryOptions": {
      "includeOriginalXaml": false,
      "privateWorkflows": []
    },
    "processOptions": {
      "ignoredFiles": []
    },
    "fileInfoCollection": [],
    "saveToCloud": false
  },
  "expressionLanguage": "VisualBasic",
  "entryPoints": [
    {
      "filePath": "Main.xaml",
      "uniqueId": "1da5df4d-6d7a-493e-b61c-3136aaf10214",
      "input": [],
      "output": []
    }
  ],
  "isTemplate": false,
  "templateProjectData": {},
  "publishData": {},
  "targetFramework": "Windows"
}